{
  "token_acc": 0.9990350152,
  "token_p": 0.997080292,
  "token_r": 0.9953256895,
  "token_f": 0.9962022181,
  "pos_acc": 0.9671340808,
  "morph_acc": 0.9532993525,
  "morph_micro_p": 0.9702239789,
  "morph_micro_r": 0.9619070945,
  "morph_micro_f": 0.9660476366,
  "morph_per_feat": {
    "Definite": {
      "p": 0.974126035,
      "r": 0.9607576273,
      "f": 0.9673956489
    },
    "Gender": {
      "p": 0.9403884796,
      "r": 0.9321824908,
      "f": 0.936267505
    },
    "Number": {
      "p": 0.9702808864,
      "r": 0.9591911495,
      "f": 0.9647041486
    },
    "Mood": {
      "p": 0.9797348011,
      "r": 0.9792448112,
      "f": 0.9794897449
    },
    "Tense": {
      "p": 0.9803674805,
      "r": 0.980861244,
      "f": 0.9806143001
    },
    "VerbForm": {
      "p": 0.9705207992,
      "r": 0.9657757497,
      "f": 0.9681424604
    },
    "Degree": {
      "p": 0.9571675302,
      "r": 0.9519065613,
      "f": 0.9545297968
    },
    "PronType": {
      "p": 0.9897937025,
      "r": 0.983175151,
      "f": 0.9864733254
    },
    "Poss": {
      "p": 0.9920948617,
      "r": 0.9920948617,
      "f": 0.9920948617
    },
    "Case": {
      "p": 0.9949776786,
      "r": 0.9872646733,
      "f": 0.9911061701
    },
    "Reflex": {
      "p": 1.0,
      "r": 1.0,
      "f": 1.0
    },
    "NumType": {
      "p": 0.995505618,
      "r": 0.9115226337,
      "f": 0.9516648765
    },
    "Polarity": {
      "p": 1.0,
      "r": 1.0,
      "f": 1.0
    },
    "Person": {
      "p": 0.9895536562,
      "r": 0.9890840057,
      "f": 0.9893187752
    },
    "Animacy": {
      "p": 0.9982949702,
      "r": 0.9974446337,
      "f": 0.9978696208
    },
    "Voice": {
      "p": 0.9424460432,
      "r": 0.9492753623,
      "f": 0.9458483755
    },
    "Abbr": {
      "p": 0.9708029197,
      "r": 0.83125,
      "f": 0.8956228956
    }
  },
  "sents_p": 0.9219071106,
  "sents_r": 0.9310917393,
  "sents_f": 0.9264766625,
  "dep_uas": 0.8826525829,
  "dep_las": 0.84903125,
  "dep_las_per_type": {
    "nmod": {
      "p": 0.7744391026,
      "r": 0.7931883463,
      "f": 0.7837016015
    },
    "nsubj": {
      "p": 0.8860443334,
      "r": 0.8745762712,
      "f": 0.8802729529
    },
    "flat:name": {
      "p": 0.8867313916,
      "r": 0.8824476651,
      "f": 0.8845843422
    },
    "root": {
      "p": 0.8939267887,
      "r": 0.8920713989,
      "f": 0.8929981301
    },
    "advmod": {
      "p": 0.8216682646,
      "r": 0.8224568138,
      "f": 0.8220623501
    },
    "mark": {
      "p": 0.9113573407,
      "r": 0.9149054505,
      "f": 0.9131279489
    },
    "advcl": {
      "p": 0.6785079929,
      "r": 0.6552315609,
      "f": 0.6666666667
    },
    "obj": {
      "p": 0.8656898657,
      "r": 0.8796526055,
      "f": 0.8726153846
    },
    "case": {
      "p": 0.9318299637,
      "r": 0.9277419355,
      "f": 0.9297814561
    },
    "det": {
      "p": 0.9564393939,
      "r": 0.9588607595,
      "f": 0.9576485461
    },
    "obl": {
      "p": 0.7561669829,
      "r": 0.7212669683,
      "f": 0.7383047707
    },
    "aux": {
      "p": 0.9432234432,
      "r": 0.9321266968,
      "f": 0.9376422394
    },
    "acl:relcl": {
      "p": 0.7780269058,
      "r": 0.7815315315,
      "f": 0.7797752809
    },
    "iobj": {
      "p": 0.8024691358,
      "r": 0.7386363636,
      "f": 0.7692307692
    },
    "xcomp": {
      "p": 0.6777041943,
      "r": 0.6961451247,
      "f": 0.6868008949
    },
    "cc": {
      "p": 0.9162790698,
      "r": 0.9113338473,
      "f": 0.9137997681
    },
    "conj": {
      "p": 0.6964410328,
      "r": 0.7247639797,
      "f": 0.7103202847
    },
    "amod": {
      "p": 0.9262644729,
      "r": 0.920654149,
      "f": 0.9234507898
    },
    "nummod": {
      "p": 0.9143968872,
      "r": 0.9591836735,
      "f": 0.9362549801
    },
    "compound:prt": {
      "p": 0.803030303,
      "r": 0.7653429603,
      "f": 0.7837338262
    },
    "cop": {
      "p": 0.856812933,
      "r": 0.884386174,
      "f": 0.8703812317
    },
    "appos": {
      "p": 0.2794117647,
      "r": 0.19,
      "f": 0.2261904762
    },
    "ccomp": {
      "p": 0.7955390335,
      "r": 0.842519685,
      "f": 0.8183556405
    },
    "expl": {
      "p": 0.7128463476,
      "r": 0.7648648649,
      "f": 0.7379400261
    },
    "acl": {
      "p": 0.658008658,
      "r": 0.6129032258,
      "f": 0.6346555324
    },
    "csubj": {
      "p": 0.7230769231,
      "r": 0.6861313869,
      "f": 0.7041198502
    },
    "nsubj:pass": {
      "p": 0.862244898,
      "r": 0.7824074074,
      "f": 0.8203883495
    },
    "aux:pass": {
      "p": 0.9464285714,
      "r": 0.8833333333,
      "f": 0.9137931034
    },
    "parataxis": {
      "p": 0.8255033557,
      "r": 0.6542553191,
      "f": 0.7299703264
    },
    "acl:cleft": {
      "p": 0.4333333333,
      "r": 0.4814814815,
      "f": 0.4561403509
    },
    "orphan": {
      "p": 0.1428571429,
      "r": 0.0384615385,
      "f": 0.0606060606
    },
    "dep": {
      "p": 0.0,
      "r": 0.0,
      "f": 0.0
    },
    "reparandum": {
      "p": 0.0,
      "r": 0.0,
      "f": 0.0
    },
    "flat:foreign": {
      "p": 0.2,
      "r": 0.1612903226,
      "f": 0.1785714286
    },
    "compound": {
      "p": 0.9285714286,
      "r": 0.3170731707,
      "f": 0.4727272727
    },
    "discourse": {
      "p": 0.7272727273,
      "r": 0.347826087,
      "f": 0.4705882353
    },
    "csubj:pass": {
      "p": 0.0,
      "r": 0.0,
      "f": 0.0
    }
  },
  "lemma_acc": 0.9686243182,
  "tag_acc": 0.9671340808,
  "ents_p": 0.7655003069,
  "ents_r": 0.7387440758,
  "ents_f": 0.7518842327,
  "ents_per_type": {
    "PER": {
      "p": 0.8068739771,
      "r": 0.8068739771,
      "f": 0.8068739771
    },
    "ORG": {
      "p": 0.7772511848,
      "r": 0.8118811881,
      "f": 0.794188862
    },
    "GPE_LOC": {
      "p": 0.7546468401,
      "r": 0.7837837838,
      "f": 0.7689393939
    },
    "PROD": {
      "p": 0.65625,
      "r": 0.5185185185,
      "f": 0.5793103448
    },
    "DRV": {
      "p": 0.7692307692,
      "r": 0.7594936709,
      "f": 0.7643312102
    },
    "LOC": {
      "p": 0.652173913,
      "r": 0.4128440367,
      "f": 0.5056179775
    },
    "GPE_ORG": {
      "p": 0.7142857143,
      "r": 0.5454545455,
      "f": 0.618556701
    },
    "EVT": {
      "p": 0.4,
      "r": 0.4444444444,
      "f": 0.4210526316
    }
  },
  "speed": 10943.0978477171
}